Timestamp,IP_Address,User_Account
Mar 27 14:54:57,95.152.57.58,support
Mar 27 14:54:58,95.152.57.58,support
Mar 27 17:08:34,85.245.107.41,test
Mar 27 18:22:24,201.177.23.130,admin
Mar 27 18:22:26,201.177.23.130,admin
Mar 27 18:27:20,190.178.62.6,support
Mar 27 18:27:21,190.178.62.6,support
Mar 27 19:17:03,201.43.243.37,admin
Mar 27 19:17:05,201.43.243.37,admin
Mar 27 22:02:41,112.135.124.229,ftpuser
Mar 27 22:02:42,112.135.124.229,ftpuser
Mar 27 22:43:44,62.73.115.98,admin
Mar 27 22:43:45,62.73.115.98,admin
Mar 27 23:47:15,2.60.103.231,default
Mar 28 04:29:25,31.162.4.186,admin
Mar 28 04:29:26,31.162.4.186,admin
Mar 28 05:20:01,118.180.18.102,admin
Mar 28 05:20:02,118.180.18.102,admin
Mar 28 06:07:01,5.144.9.33,test
Mar 28 06:07:02,5.144.9.33,test
Mar 28 06:29:51,91.197.232.109,0
Mar 28 06:29:51,91.197.232.109,0000
Mar 28 06:29:52,91.197.232.109,010101
Mar 28 06:29:52,91.197.232.109,1111
Mar 28 06:29:55,91.197.232.109,1234
Mar 28 06:29:56,91.197.232.109,admin
Mar 28 06:29:57,91.197.232.109,admin
Mar 28 06:29:58,91.197.232.109,admin
Mar 28 06:30:01,91.197.232.109,admin
Mar 28 06:30:05,91.197.232.109,admin
Mar 28 06:30:07,91.197.232.109,api
Mar 28 06:30:08,91.197.232.109,dbadmin
Mar 28 06:30:10,91.197.232.109,default
Mar 28 06:30:11,91.197.232.109,ftp
Mar 28 06:30:12,91.197.232.109,ftp
Mar 28 06:30:13,91.197.232.109,ftpuser
Mar 28 06:30:14,91.197.232.109,git
Mar 28 06:30:15,91.197.232.109,gpadmin
Mar 28 06:30:16,91.197.232.109,guest
Mar 28 06:30:17,91.197.232.109,monitor
Mar 28 06:30:18,91.197.232.109,operator
Mar 28 06:30:18,91.197.232.109,osmc
Mar 28 06:30:19,91.197.232.109,pi
Mar 28 06:30:25,91.197.232.109,service
Mar 28 06:30:25,91.197.232.109,support
Mar 28 06:30:26,91.197.232.109,telecomadmin
Mar 28 06:30:26,91.197.232.109,test
Mar 28 06:30:27,91.197.232.109,ubnt
Mar 28 06:30:29,91.197.232.109,user
Mar 28 07:36:30,14.185.87.49,admin
Mar 28 07:36:32,14.185.87.49,admin
Mar 28 08:39:14,190.96.200.229,test
Mar 28 08:39:15,190.96.200.229,test
Mar 28 09:16:03,5.74.204.136,sybase
Mar 28 09:16:04,5.74.204.136,sybase
Mar 28 09:16:11,5.74.204.136,admin
Mar 28 09:16:13,5.74.204.136,admin
Mar 28 09:20:46,186.133.159.181,admin1
Mar 28 09:20:48,186.133.159.181,admin1
Mar 28 09:21:00,186.133.159.181,newadmin
Mar 28 09:21:02,186.133.159.181,newadmin
Mar 28 09:52:50,112.237.146.110,test
Mar 28 09:52:53,112.237.146.110,test
Mar 28 10:04:15,179.37.3.130,admin
Mar 28 10:04:17,179.37.3.130,admin
Mar 28 10:32:01,217.100.114.122,deployer
Mar 28 11:29:11,39.71.33.50,cloud
Mar 28 11:29:13,39.71.33.50,cloud
Mar 28 11:55:30,190.97.81.95,admin
Mar 28 11:55:31,190.97.81.95,admin
Mar 28 14:48:27,5.141.40.99,admin
Mar 28 14:48:28,5.141.40.99,admin
Mar 28 16:25:04,115.58.179.206,temp
Mar 28 16:25:08,115.58.179.206,temp
Mar 28 17:13:05,201.178.186.182,admin
Mar 28 17:13:06,201.178.186.182,admin
Mar 28 18:05:43,91.197.232.109,0
Mar 28 18:05:43,91.197.232.109,0000
Mar 28 18:05:44,91.197.232.109,010101
Mar 28 18:05:46,91.197.232.109,1111
Mar 28 18:05:49,91.197.232.109,1234
Mar 28 18:05:55,91.197.232.109,admin
Mar 28 18:05:56,91.197.232.109,admin
Mar 28 18:05:58,91.197.232.109,admin
Mar 28 18:05:59,91.197.232.109,admin
Mar 28 18:06:03,91.197.232.109,admin
Mar 28 18:06:07,91.197.232.109,api
Mar 28 18:06:08,91.197.232.109,dbadmin
Mar 28 18:06:08,91.197.232.109,default
Mar 28 18:06:10,91.197.232.109,ftp
Mar 28 18:06:11,91.197.232.109,ftp
Mar 28 18:06:13,91.197.232.109,ftpuser
Mar 28 18:06:14,91.197.232.109,git
Mar 28 18:06:15,91.197.232.109,gpadmin
Mar 28 18:06:16,91.197.232.109,guest
Mar 28 18:06:17,91.197.232.109,monitor
Mar 28 18:06:18,91.197.232.109,operator
Mar 28 18:06:19,91.197.232.109,osmc
Mar 28 18:06:20,91.197.232.109,pi
Mar 28 18:06:26,91.197.232.109,service
Mar 28 18:06:27,91.197.232.109,support
Mar 28 18:06:28,91.197.232.109,telecomadmin
Mar 28 18:06:29,91.197.232.109,test
Mar 28 18:06:30,91.197.232.109,ubnt
Mar 28 18:06:31,91.197.232.109,user
Mar 28 18:16:56,123.115.51.110,user
Mar 28 18:16:58,123.115.51.110,user
Mar 28 20:21:08,85.245.107.41,dale
Mar 28 22:36:11,182.32.215.94,noc
Mar 28 22:36:12,182.32.215.94,noc
Mar 29 10:42:45,127.0.0.1,elastic_user_7
Mar 29 13:07:15,85.245.107.41,elastic_user_0
Mar 29 13:41:15,85.245.107.41,elastic_user_2
Mar 29 14:15:38,181.25.206.27,pi
Mar 29 14:15:41,181.25.206.27,pi
Mar 29 14:15:43,181.25.206.27,pi
Mar 29 14:15:44,181.25.206.27,pi
Mar 29 14:15:47,181.25.206.27,pi
Mar 29 14:15:50,181.25.206.27,pi
Mar 29 14:15:52,181.25.206.27,pi
Mar 29 14:16:10,181.25.206.27,cloud
Mar 29 14:16:12,181.25.206.27,cloud
Mar 29 14:16:14,181.25.206.27,cloud
Mar 29 14:16:16,181.25.206.27,cloud
Mar 29 14:16:19,181.25.206.27,cloud
Mar 29 14:16:21,181.25.206.27,cloud
Mar 29 14:16:23,181.25.206.27,cloud
Mar 29 14:43:05,85.245.107.41,elastic_user_2
Mar 29 17:33:17,85.245.107.41,elastic_user_6
Mar 29 17:48:33,24.151.103.17,elastic_user_3
Mar 29 19:30:18,24.151.103.17,elastic_user_4
Mar 29 23:18:21,218.60.136.106,root
Mar 29 23:18:33,218.60.136.106,root
Mar 30 02:06:41,106.57.58.19,root
Mar 30 02:06:53,106.57.58.19,root
Mar 30 03:08:11,181.23.168.176,root
Mar 30 03:08:21,181.23.168.176,root
Mar 30 10:57:23,85.245.107.41,elastic_user_3
Mar 30 11:43:15,151.241.67.217,root
Mar 30 11:43:39,151.241.67.217,root
Mar 30 13:15:45,24.151.103.17,elastic_user_5
Mar 30 13:29:34,24.151.103.17,elastic_user_8
Mar 30 13:40:12,24.151.103.17,elastic_user_7
Mar 30 14:05:21,24.151.103.17,elastic_user_6
Mar 30 15:29:17,85.245.107.41,elastic_user_8
Mar 30 15:29:20,85.245.107.41,elastic_user_8
Mar 30 15:54:19,24.151.103.17,elastic_user_0
Mar 30 15:54:22,24.151.103.17,elastic_user_0
Mar 30 15:54:25,24.151.103.17,elastic_user_0
Mar 30 15:54:28,24.151.103.17,elastic_user_0
Mar 30 15:54:31,24.151.103.17,elastic_user_0
Mar 30 15:54:34,24.151.103.17,elastic_user_0
Mar 30 15:54:37,24.151.103.17,elastic_user_0
Mar 30 15:54:40,24.151.103.17,elastic_user_0
Mar 30 15:54:43,24.151.103.17,elastic_user_0
Mar 30 15:54:46,24.151.103.17,elastic_user_0
Mar 30 15:54:49,24.151.103.17,elastic_user_0
Mar 30 15:54:52,24.151.103.17,elastic_user_0
Mar 30 15:54:55,24.151.103.17,elastic_user_0
Mar 30 15:54:58,24.151.103.17,elastic_user_0
Mar 30 15:55:01,24.151.103.17,elastic_user_0
Mar 30 15:55:05,24.151.103.17,elastic_user_0
Mar 30 15:55:07,24.151.103.17,elastic_user_0
Mar 30 15:55:10,24.151.103.17,elastic_user_0
Mar 30 15:55:13,24.151.103.17,elastic_user_0
Mar 30 15:55:17,24.151.103.17,elastic_user_0
Mar 30 15:55:20,24.151.103.17,elastic_user_0
Mar 30 15:55:23,24.151.103.17,elastic_user_0
Mar 30 15:55:26,24.151.103.17,elastic_user_0
Mar 30 15:55:29,24.151.103.17,elastic_user_0
Mar 30 15:55:32,24.151.103.17,elastic_user_0
Mar 30 15:55:35,24.151.103.17,elastic_user_0
Mar 30 15:55:38,24.151.103.17,elastic_user_0
Mar 30 15:55:41,24.151.103.17,elastic_user_0
Mar 30 15:55:44,24.151.103.17,elastic_user_0
Mar 30 15:55:47,24.151.103.17,elastic_user_0
Mar 30 15:55:51,24.151.103.17,elastic_user_0
Mar 30 15:55:54,24.151.103.17,elastic_user_0
Mar 30 15:55:57,24.151.103.17,elastic_user_0
Mar 30 15:56:01,24.151.103.17,elastic_user_0
Mar 30 15:56:04,24.151.103.17,elastic_user_0
Mar 30 15:56:06,24.151.103.17,elastic_user_0
Mar 30 15:56:09,24.151.103.17,elastic_user_0
Mar 30 15:56:13,24.151.103.17,elastic_user_0
Mar 30 15:56:16,24.151.103.17,elastic_user_0
Mar 30 15:56:18,24.151.103.17,elastic_user_0
Mar 30 15:56:21,24.151.103.17,elastic_user_0
Mar 30 15:56:25,24.151.103.17,elastic_user_0
Mar 30 15:56:27,24.151.103.17,elastic_user_0
Mar 30 15:56:30,24.151.103.17,elastic_user_0
Mar 30 15:56:33,24.151.103.17,elastic_user_0
Mar 30 15:56:36,24.151.103.17,elastic_user_0
Mar 30 15:56:39,24.151.103.17,elastic_user_0
Mar 30 15:56:42,24.151.103.17,elastic_user_0
Mar 30 15:56:45,24.151.103.17,elastic_user_0
Mar 30 15:56:48,24.151.103.17,elastic_user_0
Mar 30 15:56:51,24.151.103.17,elastic_user_0
Mar 30 15:56:54,24.151.103.17,elastic_user_0
Mar 30 15:56:57,24.151.103.17,elastic_user_0
Mar 30 15:57:01,24.151.103.17,elastic_user_0
Mar 30 15:57:04,24.151.103.17,elastic_user_0
Mar 30 15:57:07,24.151.103.17,elastic_user_0
Mar 30 15:57:10,24.151.103.17,elastic_user_0
Mar 30 15:57:12,24.151.103.17,elastic_user_0
Mar 30 15:57:15,24.151.103.17,elastic_user_0
Mar 30 15:57:18,24.151.103.17,elastic_user_0
Mar 30 15:57:21,24.151.103.17,elastic_user_0
Mar 30 15:57:25,24.151.103.17,elastic_user_0
Mar 30 15:57:27,24.151.103.17,elastic_user_0
Mar 30 15:57:31,24.151.103.17,elastic_user_0
Mar 30 15:57:34,24.151.103.17,elastic_user_0
Mar 30 15:57:36,24.151.103.17,elastic_user_0
Mar 30 15:57:39,24.151.103.17,elastic_user_0
Mar 30 15:57:43,24.151.103.17,elastic_user_0
Mar 30 15:57:45,24.151.103.17,elastic_user_0
Mar 30 15:57:48,24.151.103.17,elastic_user_0
Mar 30 15:57:51,24.151.103.17,elastic_user_0
Mar 30 15:57:55,24.151.103.17,elastic_user_0
Mar 30 15:57:58,24.151.103.17,elastic_user_0
Mar 30 15:58:00,24.151.103.17,elastic_user_0
Mar 30 15:58:03,24.151.103.17,elastic_user_0
Mar 30 15:58:07,24.151.103.17,elastic_user_0
Mar 30 15:58:10,24.151.103.17,elastic_user_0
Mar 30 15:58:13,24.151.103.17,elastic_user_0
Mar 30 15:58:15,24.151.103.17,elastic_user_0
Mar 30 15:58:19,24.151.103.17,elastic_user_0
Mar 30 15:58:22,24.151.103.17,elastic_user_0
Mar 30 15:58:24,24.151.103.17,elastic_user_0
Mar 30 15:58:27,24.151.103.17,elastic_user_0
Mar 30 15:58:30,24.151.103.17,elastic_user_0
Mar 30 15:58:33,24.151.103.17,elastic_user_0
Mar 30 15:58:36,24.151.103.17,elastic_user_0
Mar 30 15:58:39,24.151.103.17,elastic_user_0
Mar 30 15:58:42,24.151.103.17,elastic_user_0
Mar 30 15:58:44,24.151.103.17,elastic_user_0
Mar 30 15:58:47,24.151.103.17,elastic_user_0
Mar 30 15:58:50,24.151.103.17,elastic_user_0
Mar 30 15:58:53,24.151.103.17,elastic_user_0
Mar 30 15:58:55,24.151.103.17,elastic_user_0
Mar 30 15:58:58,24.151.103.17,elastic_user_0
Mar 30 15:59:00,24.151.103.17,elastic_user_0
Mar 30 15:59:03,24.151.103.17,elastic_user_0
Mar 30 15:59:06,24.151.103.17,elastic_user_0
Mar 30 15:59:09,24.151.103.17,elastic_user_0
Mar 30 15:59:12,24.151.103.17,elastic_user_0
Mar 30 15:59:15,24.151.103.17,elastic_user_0
Mar 30 15:59:18,24.151.103.17,elastic_user_0
Mar 30 15:59:20,24.151.103.17,elastic_user_0
Mar 30 15:59:23,24.151.103.17,elastic_user_0
Mar 30 15:59:27,24.151.103.17,elastic_user_0
Mar 30 15:59:30,24.151.103.17,elastic_user_0
Mar 30 15:59:32,24.151.103.17,elastic_user_0
Mar 30 15:59:35,24.151.103.17,elastic_user_0
Mar 30 15:59:39,24.151.103.17,elastic_user_0
Mar 30 15:59:41,24.151.103.17,elastic_user_0
Mar 30 15:59:44,24.151.103.17,elastic_user_0
Mar 30 15:59:47,24.151.103.17,elastic_user_0
Mar 30 15:59:50,24.151.103.17,elastic_user_0
Mar 30 15:59:53,24.151.103.17,elastic_user_0
Mar 30 15:59:56,24.151.103.17,elastic_user_0
Mar 30 15:59:59,24.151.103.17,elastic_user_0
Mar 30 16:00:01,24.151.103.17,elastic_user_0
Mar 30 16:00:04,24.151.103.17,elastic_user_0
Mar 30 16:00:07,24.151.103.17,elastic_user_0
Mar 30 16:00:10,24.151.103.17,elastic_user_0
Mar 30 16:00:14,24.151.103.17,elastic_user_0
Mar 30 16:00:17,24.151.103.17,elastic_user_0
Mar 30 16:00:21,24.151.103.17,elastic_user_0
Mar 30 16:00:23,24.151.103.17,elastic_user_0
Mar 30 16:00:26,24.151.103.17,elastic_user_0
Mar 30 16:00:29,24.151.103.17,elastic_user_0
Mar 30 16:00:32,24.151.103.17,elastic_user_0
Mar 30 16:00:35,24.151.103.17,elastic_user_0
Mar 30 16:00:38,24.151.103.17,elastic_user_0
Mar 30 16:00:41,24.151.103.17,elastic_user_0
Mar 30 16:00:44,24.151.103.17,elastic_user_0
Mar 30 16:00:47,24.151.103.17,elastic_user_0
Mar 30 16:00:50,24.151.103.17,elastic_user_0
Mar 30 16:00:53,24.151.103.17,elastic_user_0
Mar 30 16:00:56,24.151.103.17,elastic_user_0
Mar 30 16:00:59,24.151.103.17,elastic_user_0
Mar 30 16:01:02,24.151.103.17,elastic_user_0
Mar 30 16:01:05,24.151.103.17,elastic_user_0
Mar 30 16:01:08,24.151.103.17,elastic_user_0
Mar 30 16:01:11,24.151.103.17,elastic_user_0
Mar 30 16:01:14,24.151.103.17,elastic_user_0
Mar 30 16:01:17,24.151.103.17,elastic_user_0
Mar 30 16:01:20,24.151.103.17,elastic_user_0
Mar 30 16:01:23,24.151.103.17,elastic_user_0
Mar 30 16:01:26,24.151.103.17,elastic_user_0
Mar 30 16:01:29,24.151.103.17,elastic_user_0
Mar 30 16:01:32,24.151.103.17,elastic_user_0
Mar 30 16:01:35,24.151.103.17,elastic_user_0
Mar 30 21:54:04,181.25.201.155,root
Mar 30 21:54:16,181.25.201.155,root
Mar 30 21:54:16,181.25.201.155,openerp
Mar 30 21:54:18,181.25.201.155,openerp
Mar 30 21:54:20,181.25.201.155,openerp
Mar 30 21:54:22,181.25.201.155,openerp
Mar 30 21:54:24,181.25.201.155,openerp
Mar 30 21:54:27,181.25.201.155,openerp
Mar 30 21:54:28,181.25.201.155,openerp
Mar 30 22:00:40,111.40.168.90,root
Mar 30 22:00:51,111.40.168.90,root
Mar 31 01:35:14,122.189.198.238,admin
Mar 31 01:35:16,122.189.198.238,admin
Mar 31 01:35:18,122.189.198.238,admin
Mar 31 01:35:21,122.189.198.238,admin
Mar 31 01:35:23,122.189.198.238,admin
Mar 31 01:35:26,122.189.198.238,admin
Mar 31 01:35:28,122.189.198.238,admin
Mar 31 01:52:28,85.245.107.41,elastic_user_9
Mar 31 05:59:29,85.245.107.41,elastic_user_5
Mar 31 06:34:36,60.187.118.40,pruebas
Mar 31 06:34:38,60.187.118.40,pruebas
Mar 31 06:34:40,60.187.118.40,pruebas
Mar 31 06:34:43,60.187.118.40,pruebas
Mar 31 06:34:45,60.187.118.40,pruebas
Mar 31 06:34:47,60.187.118.40,pruebas
Mar 31 06:34:49,60.187.118.40,pruebas
Mar 31 07:05:46,85.245.107.41,elastic_user_1
Mar 31 10:36:16,122.191.89.89,root
Mar 31 10:36:28,122.191.89.89,root
Mar 31 11:06:37,42.184.142.151,ajay
Mar 31 11:06:39,42.184.142.151,ajay
Mar 31 11:06:41,42.184.142.151,ajay
Mar 31 11:06:43,42.184.142.151,ajay
Mar 31 11:06:45,42.184.142.151,ajay
Mar 31 11:06:48,42.184.142.151,ajay
Mar 31 11:06:50,42.184.142.151,ajay
Mar 31 14:15:38,82.64.2.59,pi
Mar 31 14:15:40,82.64.2.59,pi
Mar 31 14:15:42,82.64.2.59,pi
Mar 31 14:15:44,82.64.2.59,pi
Mar 31 14:15:46,82.64.2.59,pi
Mar 31 14:15:48,82.64.2.59,pi
Mar 31 14:15:50,82.64.2.59,pi
Mar 31 22:57:30,114.32.100.101,pi
Mar 31 22:57:33,114.32.100.101,pi
Mar 31 22:57:35,114.32.100.101,pi
Mar 31 22:57:37,114.32.100.101,pi
Mar 31 22:57:39,114.32.100.101,pi
Mar 31 22:57:41,114.32.100.101,pi
Mar 31 22:57:44,114.32.100.101,pi
Apr 1 05:46:42,122.244.28.82,root
Apr 1 05:46:54,122.244.28.82,root
Apr 1 18:08:15,123.153.146.183,admin
Apr 1 18:08:16,123.153.146.183,admin
Apr 1 18:08:19,123.153.146.183,admin
Apr 1 18:08:21,123.153.146.183,admin
Apr 1 18:08:23,123.153.146.183,admin
Apr 1 18:08:25,123.153.146.183,admin
Apr 1 18:08:27,123.153.146.183,admin
Apr 1 18:22:14,181.26.186.35,test
Apr 1 18:22:15,181.26.186.35,guest
Apr 1 18:22:17,181.26.186.35,test
Apr 1 18:22:17,181.26.186.35,guest
Apr 1 18:22:19,181.26.186.35,test
Apr 1 18:22:19,181.26.186.35,guest
Apr 1 18:22:21,181.26.186.35,test
Apr 1 18:22:21,181.26.186.35,guest
Apr 1 18:22:21,181.26.186.35,monitor
Apr 1 18:22:23,181.26.186.35,monitor
Apr 1 18:22:23,181.26.186.35,test
Apr 1 18:22:23,181.26.186.35,guest
Apr 1 18:22:25,181.26.186.35,monitor
Apr 1 18:22:25,181.26.186.35,test
Apr 1 18:22:25,181.26.186.35,guest
Apr 1 18:22:28,181.26.186.35,monitor
Apr 1 18:22:28,181.26.186.35,guest
Apr 1 18:22:28,181.26.186.35,test
Apr 1 18:22:30,181.26.186.35,monitor
Apr 1 18:22:30,181.26.186.35,test
Apr 1 18:22:32,181.26.186.35,root
Apr 1 18:22:32,181.26.186.35,monitor
Apr 1 18:22:34,181.26.186.35,monitor
Apr 1 18:22:35,181.26.186.35,root
Apr 1 18:22:45,181.26.186.35,root
Apr 1 20:38:34,183.152.79.79,johnny
Apr 1 20:38:36,183.152.79.79,johnny
Apr 1 20:38:39,183.152.79.79,johnny
Apr 1 20:38:42,183.152.79.79,johnny
Apr 1 20:38:44,183.152.79.79,johnny
Apr 1 20:38:47,183.152.79.79,johnny
Apr 1 20:38:49,183.152.79.79,johnny
Apr 1 21:27:48,1.30.211.144,admin
Apr 1 21:27:51,1.30.211.144,admin
Apr 1 21:27:53,1.30.211.144,admin
Apr 1 21:27:55,1.30.211.144,admin
Apr 1 21:27:57,1.30.211.144,admin
Apr 1 21:28:00,1.30.211.144,admin
Apr 1 21:28:02,1.30.211.144,admin
Apr 1 22:52:10,5.167.75.191,root
Apr 1 22:52:21,5.167.75.191,root
Apr 2 17:03:43,93.120.176.237,default
Apr 2 17:03:45,93.120.176.237,default
Apr 2 17:03:47,93.120.176.237,default
Apr 2 17:03:48,93.120.176.237,default
Apr 2 17:03:50,93.120.176.237,default
Apr 2 17:03:52,93.120.176.237,default
Apr 2 17:03:54,93.120.176.237,default
Apr 2 19:51:55,78.106.21.86,admin
Apr 2 19:51:57,78.106.21.86,admin
Apr 2 19:51:59,78.106.21.86,admin
Apr 2 19:52:01,78.106.21.86,admin
Apr 2 19:52:04,78.106.21.86,admin
Apr 2 19:52:05,78.106.21.86,admin
Apr 2 19:52:08,78.106.21.86,admin
Apr 3 14:51:35,112.251.168.248,admin
Apr 3 14:51:37,112.251.168.248,admin
Apr 3 14:51:39,112.251.168.248,admin
Apr 3 14:51:42,112.251.168.248,admin
Apr 3 14:51:44,112.251.168.248,admin
Apr 3 14:51:46,112.251.168.248,admin
Apr 3 14:51:49,112.251.168.248,admin
Apr 3 22:52:27,119.193.140.176,ubnt
Apr 3 22:52:29,119.193.140.176,ubnt
Apr 3 22:52:31,119.193.140.176,ubnt
Apr 3 22:52:34,119.193.140.176,ubnt
Apr 3 22:52:36,119.193.140.176,ubnt
Apr 3 22:52:38,119.193.140.176,ubnt
Apr 3 22:52:40,119.193.140.176,ubnt
Apr 3 22:53:12,58.19.144.50,ems
Apr 3 22:53:15,58.19.144.50,ems
Apr 3 22:53:16,58.19.144.50,ems
Apr 3 22:53:20,58.19.144.50,ems
Apr 3 22:53:23,58.19.144.50,ems
Apr 3 22:53:26,58.19.144.50,ems
Apr 3 22:53:28,58.19.144.50,ems
Apr 4 01:13:31,122.112.235.133,root
Apr 4 01:13:41,122.112.235.133,root
Apr 4 03:50:45,122.189.193.214,bin
Apr 4 03:50:55,122.189.193.214,bin
Apr 5 07:11:17,49.4.143.105,root
Apr 5 07:11:27,49.4.143.105,root
Apr 5 07:12:00,49.4.143.105,root
Apr 5 07:12:11,49.4.143.105,root
Apr 5 07:14:03,49.4.143.105,root
Apr 5 07:14:14,49.4.143.105,root
Apr 5 07:14:45,49.4.143.105,root
Apr 5 07:14:56,49.4.143.105,root
Apr 5 07:15:02,49.4.143.105,root
Apr 5 07:15:14,49.4.143.105,root
Apr 5 07:15:21,49.4.143.105,root
Apr 5 07:15:33,49.4.143.105,root
Apr 5 07:15:51,49.4.143.105,root
Apr 5 07:16:02,49.4.143.105,root
Apr 5 07:17:40,49.4.143.105,root
Apr 5 07:17:51,49.4.143.105,root
Apr 5 07:18:11,49.4.143.105,root
Apr 5 07:18:22,49.4.143.105,root
Apr 5 07:20:05,49.4.143.105,root
Apr 5 07:20:17,49.4.143.105,root
Apr 5 07:20:35,49.4.143.105,root
Apr 5 07:20:46,49.4.143.105,root
Apr 5 07:20:57,49.4.143.105,root
Apr 5 07:21:09,49.4.143.105,root
Apr 5 07:22:30,49.4.143.105,root
Apr 5 07:22:41,49.4.143.105,root
Apr 5 07:23:27,49.4.143.105,root
Apr 5 07:23:38,49.4.143.105,root
Apr 5 07:23:55,49.4.143.105,root
Apr 5 07:24:05,49.4.143.105,root
Apr 5 07:25:03,49.4.143.105,root
Apr 5 07:25:14,49.4.143.105,root
Apr 5 07:25:18,49.4.143.105,root
Apr 5 07:25:28,49.4.143.105,root
Apr 5 07:26:24,49.4.143.105,root
Apr 5 07:26:35,49.4.143.105,root
Apr 5 07:27:34,49.4.143.105,root
Apr 5 07:27:45,49.4.143.105,root
Apr 5 07:27:49,49.4.143.105,root
Apr 5 07:28:02,49.4.143.105,root
Apr 5 07:45:25,61.166.73.66,webconfig
Apr 5 07:45:27,61.166.73.66,webconfig
Apr 5 07:45:29,61.166.73.66,webconfig
Apr 5 07:45:31,61.166.73.66,webconfig
Apr 5 07:45:34,61.166.73.66,webconfig
Apr 5 07:45:36,61.166.73.66,webconfig
Apr 5 07:45:38,61.166.73.66,webconfig
Apr 5 15:03:36,122.191.88.115,root
Apr 5 15:03:47,122.191.88.115,root
Apr 5 21:33:35,186.130.83.53,root
Apr 5 21:33:46,186.130.83.53,root
Apr 5 23:52:41,123.96.5.168,cubrid
Apr 5 23:52:43,123.96.5.168,cubrid
Apr 5 23:52:45,123.96.5.168,cubrid
Apr 5 23:52:47,123.96.5.168,cubrid
Apr 5 23:52:49,123.96.5.168,cubrid
Apr 5 23:52:51,123.96.5.168,cubrid
Apr 5 23:52:53,123.96.5.168,cubrid
Apr 6 02:28:24,111.40.30.206,admin
Apr 6 02:28:25,111.40.30.206,admin
Apr 6 02:28:27,111.40.30.206,admin
Apr 6 02:28:30,111.40.30.206,admin
Apr 6 02:28:32,111.40.30.206,admin
Apr 6 02:28:35,111.40.30.206,admin
Apr 6 02:28:37,111.40.30.206,admin
Apr 6 13:35:10,188.18.252.218,root
Apr 6 13:35:22,188.18.252.218,root
Apr 6 14:19:16,125.107.136.165,pi
Apr 6 14:19:18,125.107.136.165,pi
Apr 6 14:19:20,125.107.136.165,pi
Apr 6 14:19:22,125.107.136.165,pi
Apr 6 14:19:25,125.107.136.165,pi
Apr 6 14:19:27,125.107.136.165,pi
Apr 6 14:19:29,125.107.136.165,pi
Apr 6 15:56:53,190.107.182.33,root
Apr 6 15:57:05,190.107.182.33,root
Apr 6 16:37:21,112.101.164.200,root
Apr 6 16:37:35,112.101.164.200,root
Apr 6 21:53:02,223.244.185.76,admin
Apr 6 21:53:03,223.244.185.76,admin
Apr 6 21:53:06,223.244.185.76,admin
Apr 6 21:53:09,223.244.185.76,admin
Apr 6 21:53:10,223.244.185.76,admin
Apr 6 21:53:12,223.244.185.76,admin
Apr 6 21:53:14,223.244.185.76,admin
Apr 6 22:59:10,182.243.87.6,admin
Apr 6 22:59:12,182.243.87.6,admin
Apr 6 22:59:15,182.243.87.6,admin
Apr 6 22:59:16,182.243.87.6,admin
Apr 6 22:59:19,182.243.87.6,admin
Apr 6 22:59:21,182.243.87.6,admin
Apr 6 22:59:24,182.243.87.6,admin
Apr 7 00:08:34,91.243.236.123,root
Apr 7 00:08:45,91.243.236.123,root
Apr 7 08:36:34,49.4.143.5,root
Apr 7 08:36:49,49.4.143.5,root
Apr 7 18:34:04,222.89.76.13,root
Apr 7 18:34:15,222.89.76.13,root
Apr 7 20:44:47,191.81.42.216,root
Apr 7 20:44:59,191.81.42.216,root
Apr 7 22:54:09,183.93.215.158,root
Apr 7 22:54:21,183.93.215.158,root
Apr 8 00:33:31,122.190.143.18,admin
Apr 8 00:33:33,122.190.143.18,admin
Apr 8 00:33:36,122.190.143.18,admin
Apr 8 00:33:38,122.190.143.18,admin
Apr 8 00:33:41,122.190.143.18,admin
Apr 8 00:33:43,122.190.143.18,admin
Apr 8 00:33:45,122.190.143.18,admin
Apr 8 18:21:09,61.183.117.250,support
Apr 8 18:21:11,61.183.117.250,support
Apr 8 18:21:13,61.183.117.250,support
Apr 8 18:21:16,61.183.117.250,support
Apr 8 18:21:18,61.183.117.250,support
Apr 8 18:21:20,61.183.117.250,support
Apr 8 18:21:22,61.183.117.250,support
Apr 8 18:58:28,123.120.200.51,root
Apr 8 18:58:40,123.120.200.51,root
Apr 9 00:35:55,73.231.4.205,root
Apr 9 00:36:04,73.231.4.205,root
Apr 9 03:17:12,110.78.174.75,admin
Apr 9 03:17:14,110.78.174.75,admin
Apr 9 03:17:16,110.78.174.75,admin
Apr 9 03:17:18,110.78.174.75,admin
Apr 9 03:17:20,110.78.174.75,admin
Apr 9 03:17:22,110.78.174.75,admin
Apr 9 03:17:25,110.78.174.75,admin
Apr 9 03:55:31,49.4.143.181,root
Apr 9 03:55:43,49.4.143.181,root
Apr 9 14:56:18,186.128.141.232,root
Apr 9 14:56:29,186.128.141.232,root
Apr 9 14:57:48,46.89.129.145,admin
Apr 9 14:57:49,46.89.129.145,admin
Apr 9 14:57:52,46.89.129.145,admin
Apr 9 14:57:54,46.89.129.145,admin
Apr 9 14:57:56,46.89.129.145,admin
Apr 9 14:57:58,46.89.129.145,admin
Apr 9 14:58:00,46.89.129.145,admin
Apr 9 15:08:53,59.174.52.12,root
Apr 9 15:09:28,59.174.52.12,root
Apr 9 16:50:55,103.230.120.26,user1
Apr 9 16:50:57,103.230.120.26,user1
Apr 9 16:50:59,103.230.120.26,user1
Apr 9 16:51:01,103.230.120.26,user1
Apr 9 16:51:03,103.230.120.26,user1
Apr 9 16:51:05,103.230.120.26,user1
Apr 9 16:51:07,103.230.120.26,user1
Apr 9 20:28:49,122.189.197.241,root
Apr 9 20:29:00,122.189.197.241,root
Apr 10 00:33:43,123.119.111.172,root
Apr 10 00:33:55,123.119.111.172,root
Apr 10 08:03:46,123.164.142.82,root
Apr 10 08:03:58,123.164.142.82,root
Apr 10 19:42:02,175.162.187.121,admin
Apr 10 19:42:04,175.162.187.121,admin
Apr 10 19:42:07,175.162.187.121,admin
Apr 10 19:42:09,175.162.187.121,admin
Apr 10 19:42:12,175.162.187.121,admin
Apr 10 19:42:14,175.162.187.121,admin
Apr 10 19:42:16,175.162.187.121,admin
Apr 10 22:43:25,60.165.208.28,root
Apr 10 22:43:38,60.165.208.28,root
Apr 11 06:07:47,218.91.34.237,root
Apr 11 06:07:58,218.91.34.237,root
Apr 11 06:13:35,49.84.87.84,admin
Apr 11 06:13:37,49.84.87.84,admin
Apr 11 06:13:39,49.84.87.84,admin
Apr 11 06:13:41,49.84.87.84,admin
Apr 11 06:13:44,49.84.87.84,admin
Apr 11 06:13:47,49.84.87.84,admin
Apr 11 06:13:49,49.84.87.84,admin
Apr 11 13:47:08,222.187.86.51,root
Apr 11 13:47:19,222.187.86.51,root
Apr 11 14:03:16,77.231.252.103,root
Apr 11 14:03:21,77.231.252.103,root
Apr 11 14:03:29,77.231.252.103,root
Apr 11 14:03:40,77.231.252.103,root
Apr 11 17:14:15,95.190.198.34,root
Apr 11 17:14:25,95.190.198.34,root
Apr 12 03:37:56,94.154.25.149,root
Apr 12 03:38:07,94.154.25.149,root
Apr 12 06:54:37,183.146.159.20,ubnt
Apr 12 06:54:39,183.146.159.20,ubnt
Apr 12 06:54:41,183.146.159.20,ubnt
Apr 12 06:54:44,183.146.159.20,ubnt
Apr 12 06:54:46,183.146.159.20,ubnt
Apr 12 06:54:49,183.146.159.20,ubnt
Apr 12 06:54:51,183.146.159.20,ubnt
Apr 12 11:49:34,126.59.251.31,root
Apr 12 11:49:46,126.59.251.31,root
Apr 13 01:55:42,222.186.56.220,ubnt
Apr 13 01:55:44,222.186.56.220,ubnt
Apr 13 01:55:46,222.186.56.220,ubnt
Apr 13 01:55:48,222.186.56.220,ubnt
Apr 13 01:55:50,222.186.56.220,admin
Apr 13 01:55:52,222.186.56.220,admin
Apr 13 01:55:54,222.186.56.220,admin
Apr 13 01:55:56,222.186.56.220,admin
Apr 13 01:56:00,222.186.56.220,root
Apr 13 01:56:05,222.186.56.220,root
Apr 13 02:54:52,183.93.253.159,admin
Apr 13 02:54:54,183.93.253.159,admin
Apr 13 02:54:57,183.93.253.159,admin
Apr 13 02:54:59,183.93.253.159,admin
Apr 13 02:55:01,183.93.253.159,admin
Apr 13 02:55:03,183.93.253.159,admin
Apr 13 02:55:06,183.93.253.159,admin
Apr 13 03:54:53,219.82.145.223,root
Apr 13 03:55:05,219.82.145.223,root
Apr 13 04:25:37,122.163.61.218,root
Apr 13 04:25:39,122.163.61.218,root
Apr 13 04:25:40,122.163.61.218,root
Apr 13 04:25:41,122.163.61.218,ubnt
Apr 13 04:25:42,122.163.61.218,root
Apr 13 04:25:43,122.163.61.218,ubnt
Apr 13 04:25:44,122.163.61.218,root
Apr 13 04:25:46,122.163.61.218,ubnt
Apr 13 04:25:46,122.163.61.218,root
Apr 13 04:25:47,122.163.61.218,ubnt
Apr 13 04:25:48,122.163.61.218,root
Apr 13 04:25:49,122.163.61.218,admin
Apr 13 04:25:49,122.163.61.218,ubnt
Apr 13 04:25:51,122.163.61.218,admin
Apr 13 04:25:51,122.163.61.218,ubnt
Apr 13 04:25:53,122.163.61.218,admin
Apr 13 04:25:53,122.163.61.218,ubnt
Apr 13 04:25:55,122.163.61.218,admin
Apr 13 04:25:57,122.163.61.218,admin
Apr 13 04:25:59,122.163.61.218,admin
Apr 13 04:26:01,122.163.61.218,admin
Apr 13 04:26:05,122.163.61.218,admin
Apr 13 04:26:07,122.163.61.218,admin
Apr 13 04:26:09,122.163.61.218,admin
Apr 13 04:26:11,122.163.61.218,admin
Apr 13 04:26:13,122.163.61.218,admin
Apr 13 04:26:15,122.163.61.218,admin
Apr 13 04:26:17,122.163.61.218,admin
Apr 13 07:23:18,14.54.210.101,root
Apr 13 07:23:20,14.54.210.101,root
Apr 13 07:23:22,14.54.210.101,root
Apr 13 07:23:24,14.54.210.101,root
Apr 13 07:23:26,14.54.210.101,root
Apr 13 07:23:29,14.54.210.101,root
Apr 13 11:42:20,105.101.221.33,admin
Apr 13 11:42:23,105.101.221.33,admin
Apr 13 11:42:25,105.101.221.33,admin
Apr 13 11:42:27,105.101.221.33,admin
Apr 13 11:42:29,105.101.221.33,admin
Apr 13 11:42:31,105.101.221.33,admin
Apr 13 11:42:32,105.101.221.33,admin
Apr 13 19:31:21,37.110.24.51,root
Apr 13 19:31:31,37.110.24.51,root
Apr 14 01:05:04,116.255.253.137,root
Apr 14 01:05:40,116.255.253.137,root
Apr 14 04:15:23,181.25.189.115,admin
Apr 14 04:15:24,181.25.189.115,admin
Apr 14 04:15:27,181.25.189.115,admin
Apr 14 04:15:30,181.25.189.115,admin
Apr 14 04:15:32,181.25.189.115,admin
Apr 14 04:15:35,181.25.189.115,admin
Apr 14 04:15:37,181.25.189.115,admin
Apr 14 05:01:32,178.219.248.139,admin
Apr 14 05:01:34,178.219.248.139,admin
Apr 14 05:01:36,178.219.248.139,admin
Apr 14 05:01:38,178.219.248.139,admin
Apr 14 05:01:40,178.219.248.139,admin
Apr 14 05:01:42,178.219.248.139,admin
Apr 14 05:01:43,178.219.248.139,admin
Apr 14 05:11:18,177.38.145.209,admin
Apr 14 05:11:20,177.38.145.209,admin
Apr 14 05:11:23,177.38.145.209,admin
Apr 14 05:11:26,177.38.145.209,admin
Apr 14 05:11:28,177.38.145.209,admin
Apr 14 05:11:30,177.38.145.209,admin
Apr 14 05:11:32,177.38.145.209,admin
Apr 14 08:24:53,191.83.152.32,root
Apr 14 08:25:06,191.83.152.32,root
Apr 14 08:33:00,170.79.155.119,root
Apr 14 08:33:12,170.79.155.119,root
Apr 14 08:38:34,46.30.160.83,ubnt
Apr 14 08:38:36,46.30.160.83,ubnt
Apr 14 08:38:38,46.30.160.83,ubnt
Apr 14 08:38:40,46.30.160.83,ubnt
Apr 14 08:38:42,46.30.160.83,ubnt
Apr 14 08:38:44,46.30.160.83,ubnt
Apr 14 08:38:46,46.30.160.83,ubnt
Apr 15 01:56:21,201.178.245.106,root
Apr 15 01:56:32,201.178.245.106,root
Apr 15 04:23:45,181.211.173.182,root
Apr 15 04:23:56,181.211.173.182,root
Apr 15 23:19:20,122.144.136.83,root
Apr 15 23:19:30,122.144.136.83,root
Apr 16 03:45:25,1.189.205.173,root
Apr 16 03:45:36,1.189.205.173,root
Apr 16 06:15:10,181.23.26.185,root
Apr 16 06:15:21,181.23.26.185,root
Apr 16 16:19:04,201.27.216.125,root
Apr 16 16:19:15,201.27.216.125,root
Apr 16 20:18:37,179.208.151.103,root
Apr 16 20:18:48,179.208.151.103,root
Apr 16 21:17:14,119.193.140.203,root
Apr 16 21:17:26,119.193.140.203,root
Apr 16 22:09:19,182.243.85.75,root
Apr 16 22:09:30,182.243.85.75,root
Apr 16 22:50:07,61.174.116.31,root
Apr 16 22:50:19,61.174.116.31,root
Apr 17 14:13:42,111.40.166.130,admin
Apr 17 14:13:45,111.40.166.130,admin
Apr 17 14:13:48,111.40.166.130,admin
Apr 17 14:13:50,111.40.166.130,admin
Apr 17 14:13:52,111.40.166.130,admin
Apr 17 14:13:54,111.40.166.130,admin
Apr 17 14:13:57,111.40.166.130,admin
Apr 17 20:11:05,186.129.147.223,root
Apr 17 20:11:17,186.129.147.223,root
Apr 17 20:53:34,37.78.105.176,root
Apr 17 20:53:45,37.78.105.176,root
Apr 18 03:12:36,58.100.135.31,root
Apr 18 03:12:47,58.100.135.31,root
Apr 18 15:00:53,221.194.44.190,root
Apr 18 15:01:03,221.194.44.190,root
Apr 18 15:03:51,221.194.44.190,root
Apr 18 15:04:01,221.194.44.190,root
Apr 18 15:06:47,221.194.44.190,root
Apr 18 15:06:56,221.194.44.190,root
Apr 18 18:47:29,178.161.33.80,root
Apr 18 18:47:39,178.161.33.80,root
Apr 19 04:37:47,179.38.76.250,admin
Apr 19 04:37:49,179.38.76.250,admin
Apr 19 04:37:52,179.38.76.250,admin
Apr 19 04:37:54,179.38.76.250,admin
Apr 19 04:37:56,179.38.76.250,admin
Apr 19 04:37:58,179.38.76.250,admin
Apr 19 04:38:01,179.38.76.250,admin
Apr 19 10:12:20,186.47.222.98,root
Apr 19 10:12:30,186.47.222.98,root
Apr 19 17:12:40,201.178.81.113,admin
Apr 19 17:12:41,201.178.81.113,root
Apr 19 17:12:42,201.178.81.113,admin
Apr 19 17:12:43,201.178.81.113,root
Apr 19 17:12:44,201.178.81.113,root
Apr 19 17:12:45,201.178.81.113,admin
Apr 19 17:12:45,201.178.81.113,root
Apr 19 17:12:47,201.178.81.113,root
Apr 19 17:12:47,201.178.81.113,admin
Apr 19 17:12:48,201.178.81.113,root
Apr 19 17:12:49,201.178.81.113,root
Apr 19 17:12:49,201.178.81.113,admin
Apr 19 17:12:50,201.178.81.113,root
Apr 19 17:12:51,201.178.81.113,admin
Apr 19 17:12:51,201.178.81.113,root
Apr 19 17:12:52,201.178.81.113,root
Apr 19 17:12:53,201.178.81.113,root
Apr 19 17:12:54,201.178.81.113,admin
Apr 19 17:12:54,201.178.81.113,root
Apr 19 17:12:54,201.178.81.113,ubnt
Apr 19 17:12:55,201.178.81.113,root
Apr 19 17:12:56,201.178.81.113,root
Apr 19 17:12:56,201.178.81.113,ubnt
Apr 19 17:12:58,201.178.81.113,root
Apr 19 17:12:59,201.178.81.113,ubnt
Apr 19 17:13:00,201.178.81.113,root
Apr 19 17:13:01,201.178.81.113,ubnt
Apr 19 17:13:04,201.178.81.113,ubnt
Apr 19 17:13:06,201.178.81.113,ubnt
Apr 19 17:13:08,201.178.81.113,ubnt
Apr 19 17:13:12,201.178.81.113,root
Apr 19 17:13:24,201.178.81.113,root
Apr 20 03:06:39,68.182.39.76,root
Apr 20 03:06:50,68.182.39.76,root
Apr 20 13:50:51,122.5.240.60,root
Apr 20 13:51:02,122.5.240.60,root
